CREATE TABLE funcionario (
                cpf CHAR(11) NOT NULL,
                primeiro_nome VARCHAR(15) NOT NULL,
                nome_meio CHAR(1),
                ultimo_nome VARCHAR(15) NOT NULL,
                data_nascimento DATE,
                endereco VARCHAR(50),
                sexo CHAR(1),
                salario NUMERIC(10,2),
                cpf_supervisor CHAR(11) NOT NULL,
                numero_departamento INTEGER NOT NULL,
                CONSTRAINT pk_funcionario PRIMARY KEY (cpf)
);

CREATE TABLE dependente (
                cpf_funcionario CHAR(11) NOT NULL,
                nome_dependente VARCHAR(15) NOT NULL,
                sexo CHAR(1),
                data_nascimento DATE,
                parentesco VARCHAR(15),
                CONSTRAINT pk_dependente PRIMARY KEY (cpf_funcionario, nome_dependente)
);

CREATE TABLE departamento (
                numero_departamento INTEGER NOT NULL,
                nome_departamento VARCHAR(15) NOT NULL,
                cpf_gerente CHAR(11) NOT NULL,
                data_inicio_gerente DATE,
                CONSTRAINT pk_departamento PRIMARY KEY (numero_departamento)
);
CREATE UNIQUE INDEX departamento_idx
 ON departamento
 ( nome_departamento );
 
CREATE TABLE projeto (
                numero_projeto INTEGER NOT NULL,
                nome_projeto VARCHAR(15) NOT NULL,
                local_projeto VARCHAR(15),
                numero_departamento INTEGER NOT NULL,
                CONSTRAINT pk_projeto PRIMARY KEY (numero_projeto)
);
CREATE UNIQUE INDEX projeto_idx
 ON projeto
 ( nome_projeto );

CREATE TABLE trabalha_em (
                cpf_funcionario CHAR(11) NOT NULL,
                numero_projeto INTEGER NOT NULL,
                horas NUMERIC(3,1) NOT NULL,
                CONSTRAINT pk_trabalha_em PRIMARY KEY (cpf_funcionario, numero_projeto)
);

CREATE TABLE localizacoes_departamento (
                numero_departamento INTEGER NOT NULL,
                local VARCHAR(15) NOT NULL,
                CONSTRAINT pk_localizacoes_departamento PRIMARY KEY (numero_departamento, local)
);


ALTER TABLE departamento ADD CONSTRAINT funcionario_departamento_fk
FOREIGN KEY (cpf_gerente)
REFERENCES funcionario (cpf)
ON DELETE NO ACTION
ON UPDATE NO ACTION
NOT DEFERRABLE;

ALTER TABLE funcionario ADD CONSTRAINT funcionario_funcionario_fk
FOREIGN KEY (cpf_supervisor)
REFERENCES funcionario (cpf)
ON DELETE NO ACTION
ON UPDATE NO ACTION
NOT DEFERRABLE;

ALTER TABLE dependente ADD CONSTRAINT funcionario_dependente_fk
FOREIGN KEY (cpf_funcionario)
REFERENCES funcionario (cpf)
ON DELETE NO ACTION
ON UPDATE NO ACTION
NOT DEFERRABLE;

ALTER TABLE trabalha_em ADD CONSTRAINT funcionario_trabalha_em_fk
FOREIGN KEY (cpf_funcionario)
REFERENCES funcionario (cpf)
ON DELETE NO ACTION
ON UPDATE NO ACTION
NOT DEFERRABLE;

ALTER TABLE localizacoes_departamento ADD CONSTRAINT departamento_localizacoes_departamento_fk
FOREIGN KEY (numero_departamento)
REFERENCES departamento (numero_departamento)
ON DELETE NO ACTION
ON UPDATE NO ACTION
NOT DEFERRABLE;

ALTER TABLE projeto ADD CONSTRAINT departamento_projeto_fk
FOREIGN KEY (numero_departamento)
REFERENCES departamento (numero_departamento)
ON DELETE NO ACTION
ON UPDATE NO ACTION
NOT DEFERRABLE;

ALTER TABLE trabalha_em ADD CONSTRAINT projeto_trabalha_em_fk
FOREIGN KEY (numero_projeto)
REFERENCES projeto (numero_projeto)
ON DELETE NO ACTION
ON UPDATE NO ACTION
NOT DEFERRABLE;


insert into funcionario values
(88866555576, 'Jorge', 'E', 'Brito', '1937-11-10', 'Rua do Horto, 35, São Paulo, SP', 'M', 55000, 88866555576, 1),
(33344555587, 'Fernando', 'T', 'Wong', '1955-12-08', 'Rua da Lapa, 34, São Paulo, SP', 'M', 40000, 88866555576, 5),
(12345678966, 'João', 'B', 'Silva', '1965-01-09', 'Rua das Flores, 751, São Paulo, SP', 'M', 30000, 33344555587, 5),
(66688444476, 'Ronaldo', 'K', 'Lima', '1962-09-15', 'Rua Rebouças, 65, Piracicaba, SP', 'M', 38000, 33344555587, 5),
(45345345376, 'Joice', 'A', 'Leite', '1972-07-31', 'Av. Lucas Obes, 74, São Paulo, SP', 'F', 25000, 33344555587, 5),
(98765432168, 'Jennifer', 'S', 'Souza', '1941-06-20', 'Av. Arthur de Lima, 54, Santo André, SP', 'F', 43000, 88866555576, 4),
(99988777767, 'Alice', 'J', 'Zelaya', '1968-01-19', 'Rua Souza Lima, 35, Curitiba, PR', 'F', 25000, 98765432168, 4),
(98798798733, 'André', 'V', 'Pereira', '1969-03-29', 'Rua Timbira, 35, São Paulo, SP', 'M', 25000, 98765432168, 4);

insert into departamento values
(1, 'Matriz', 88866555576, '1981-06-19'),
(5, 'Pesqusia', 33344555587, '1988-05-22'),
(4, 'Administração', 98765432168, '1995-01-01');

insert into localizacoes_departamento values
(1, 'São Paulo'),
(4, 'Mauá'),
(5, 'Santo André'),
(5, 'Itu'),
(5, 'São Paulo');

insert into projeto values
(1, 'ProdutoX', 'Santo André', 5),
(2, 'ProdutoY', 'Itu', 5),
(3, 'ProdutoZ', 'São Paulo', 5),
(10, 'Informatização', 'Mauá', 4),
(20, 'Reorganiazãço', 'São Paulo', 1),
(30, 'Novosbenefícios', 'Mauá', 4);

insert into dependente values
(33344555587, 'Alicia', 'F', '1986-04-05', 'Filha'),
(33344555587, 'Tiago', 'M', '1983-10-25', 'Filho'),
(33344555587, 'Janaína', 'F', '1958-05-03', 'Esposa'),
(98765432168, 'Antonio', 'M', '1942-02-28', 'Marido'),
(12345678966, 'Michael', 'M', '1988-01-04', 'Filho'),
(12345678966, 'Alicia', 'F', '1988-12-30', 'Filha'),
(12345678966, 'Elizabeth', 'F', '1967-05-05', 'Esposa');

insert into trabalha_em values
(12345678966, 1, 32.5),
(12345678966, 2, 7.5),
(66688444476, 3, 40),
(45345345376, 1, 20),
(45345345376, 2, 20),
(33344555587, 2, 10),
(33344555587, 3, 10),
(33344555587, 10, 10),
(33344555587, 20, 10),
(99988777767, 30, 30),
(99988777767, 10, 10),
(98798798733, 10, 35),
(98798798733, 30, 5),
(98765432168, 30, 20),
(98765432168, 20, 15),
(88866555576, 20, 0);




